{"type": "metrics", "dataset": "train", "precision": 0.9980097302078726, "balanced_accuracy": 0.9770875470186078, "recall": 0.9547281573936958, "f1_score": 0.9758892853281436}
{"type": "metrics", "dataset": "test", "precision": 0.6524644945697577, "balanced_accuracy": 0.6752244026045011, "recall": 0.40911471974855945, "f1_score": 0.5028976175144881}
{"type": "cm_matrix", "dataset": "train", "true_0": {"predicted_0": 16264, "predicted_1": 9}, "true_1": {"predicted_0": 214, "predicted_1": 4513}}
{"type": "cm_matrix", "dataset": "test", "true_0": {"predicted_0": 6675, "predicted_1": 416}, "true_1": {"predicted_0": 1128, "predicted_1": 781}}
